{
	"info": {
		"_postman_id": "79dfa8a6-91cc-439e-b589-dcd46209f762",
		"name": "Automate-Trello-APIS-Project",
		"schema": "https://schema.getpostman.com/json/collection/v2.1.0/collection.json",
		"_exporter_id": "11582853"
	},
	"item": [
		{
			"name": "Board-APIS",
			"item": [
				{
					"name": "createBoard",
					"event": [
						{
							"listen": "test",
							"script": {
								"exec": [
									"\r",
									"pm.test(\"Verify that the API response status code is 200 OK\", function () {\r",
									"    pm.response.to.have.status(200);\r",
									"});\r",
									"\r",
									"pm.test(\"Verify that the API response status code is not 200 OK\", () => {\r",
									"    pm.expect(pm.response.code).to.not.equal(200);\r",
									"});\r",
									"\r",
									"pm.test(\"Verify API Response Format is JSON\", function () {\r",
									"    pm.response.to.have.header(\"Content-Type\", \"application/json\");\r",
									"});\r",
									"\r",
									"// Parse the response body\r",
									"var jsonData = pm.response.json();\r",
									"\r",
									"// Verify each field in the response\r",
									"pm.test(\"Verify API Response Data for Each Field\", function () {\r",
									"    pm.expect(jsonData.closed).to.eql(false);\r",
									"});\r",
									"\r",
									"pm.test(\"Verify API Response Data for Each Field\", function () {\r",
									"    pm.expect(jsonData.prefs.permissionLevel).to.eql(\"private\");\r",
									"});\r",
									"\r",
									"pm.test(\"Verify API Handles Unauthorized Access\", function () {\r",
									"    pm.response.to.have.status(\"Unauthorized\");\r",
									"});\r",
									"\r",
									"\r",
									"/////write these cases in excel too\r",
									"\r",
									"//get token value and validate it\r",
									"// console.log(JSON.parse(responseBody).token);\r",
									"// var responseJson = JSON.parse(responseBody).token;\r",
									"// console.log(responseJson)\r",
									"\r",
									"// //short way\r",
									"// console.log(\"New Token\" + pm.response.json().token);\r",
									"// console.log(\"New Id \" + pm.response.json().id);\r",
									"\r",
									"// pm.environment.set(\"token\", responseJson)\r",
									"\r",
									"// pm.test(\"Multiple Status checking code is 200\", function () {\r",
									"//     pm.response.to.have.status(201,200,202);\r",
									"// });\r",
									"\r",
									"//chai assertion\r",
									"// pm.test(\"Any of the following status code\", ()=> {\r",
									"// pm.expect(pm.response.code).to.be.oneOf([202,200,203]);\r",
									"// });\r",
									"\r",
									"pm.test(\"Status code name has string\", function () {\r",
									"    pm.response.to.have.status(\"OK\");\r",
									"});\r",
									"\r",
									"pm.test(\"In response header content type is present or not\",function(){\r",
									"pm.response.to.have.header(\"Content-Type\")\r",
									"});\r",
									"\r",
									"pm.test(\"Validate the value of connection in header resp\",()=>{\r",
									"pm.expect(pm.response.headers.get('Connection')).to.eql('keep-alive')\r",
									"})\r",
									"\r",
									"pm.test(\"Check environment\", ()=> {\r",
									"    pm.expect(pm.environment.name).to.eql(\"QA-Env\")\r",
									"});\r",
									"\r",
									"\r",
									"//////\r",
									"\r",
									"// pm.test(\"Body matches string\", function () {\r",
									"//     pm.expect(pm.response.text()).to.include(\"CRUD Board\");\r",
									"// });\r",
									"pm.test(\"Your test name\", function () {\r",
									"    var jsonData = pm.response.json();\r",
									"    pm.expect(jsonData.prefs.comments).to.eql(\"members\");\r",
									"});\r",
									"pm.test(\"Body is correct\", function () {\r",
									"    pm.response.to.have.body(\"Board\");\r",
									"});\r",
									"\r",
									"pm.test(\"Response time is less than 1000ms\", function () {\r",
									"    pm.expect(pm.response.responseTime).to.be.below(1000);\r",
									"});\r",
									"pm.test(\"Successful POST request\", function () {\r",
									"    pm.expect(pm.response.code).to.be.oneOf([200,201,202]);\r",
									"    });\r",
									"\r",
									"\r",
									"//get complete body\r",
									"var jsonData = pm.response.json();\r",
									"\r",
									"//Api chaining\r",
									"var boardid = jsonData.id;\r",
									"console.log(boardid)\r",
									"\r",
									"pm.environment.set(\"Boardid\",boardid)\r",
									""
								],
								"type": "text/javascript",
								"packages": {}
							}
						},
						{
							"listen": "prerequest",
							"script": {
								"exec": [
									"\r",
									"//Random Name generate\r",
									"// var RandomNumber = Math.random()*100;\r",
									"// console.log(RandomNumber)\r",
									"\r",
									"// var IntRondomNumber = parseInt(RandomNumber)\r",
									"// console.log(IntRondomNumber)\r",
									"\r",
									"//generate random number\r",
									"// pm.environment.set(\"BoardNamesCreations\", \"Testing\"+ \" \"+ parseInt(Math.random()*100));\r",
									"\r",
									"// var BoardName= pm.environment.get(\"BoardNamesCreations\");\r",
									"\r",
									"// console.log(\"Board Name is : \" + BoardName)\r",
									"\r",
									"\r",
									"\r",
									"// Faker Lib\r",
									"\r",
									"\r",
									"pm.environment.set(\"BoardNamesCreations\", pm.variables.replaceIn('{{$randomFirstName}}'));\r",
									"// pm.environment.set(\"BoardNamesCreations\", pm.variables.replaceIn('{{$timestamp}}'));\r",
									"// pm.environment.set(\"BoardNamesCreations\", pm.variables.replaceIn('{{$timestamp}}'))\r",
									"\r",
									"// pm.environment.set(\"variable_key\", \"variable_value\");\r",
									"\r",
									"\r",
									""
								],
								"type": "text/javascript",
								"packages": {}
							}
						}
					],
					"request": {
						"method": "POST",
						"header": [],
						"url": {
							"raw": "{{BaseURL}}/1/boards/?name={{RandomBoardName}}&token={{globaltoken}}&key={{globalkey}}",
							"host": [
								"{{BaseURL}}"
							],
							"path": [
								"1",
								"boards",
								""
							],
							"query": [
								{
									"key": "name",
									"value": "{{BoardNamesCreations}}",
									"disabled": true
								},
								{
									"key": "name",
									"value": "{{RandomBoardName}}"
								},
								{
									"key": "name",
									"value": "{{randomBdName}}",
									"disabled": true
								},
								{
									"key": "token",
									"value": "{{globaltoken}}"
								},
								{
									"key": "key",
									"value": "{{globalkey}}"
								}
							]
						}
					},
					"response": []
				},
				{
					"name": "getBoard",
					"event": [
						{
							"listen": "test",
							"script": {
								"exec": [
									"pm.test(\"Status code is 200\", function () {\r",
									"    pm.response.to.have.status(200);\r",
									"});\r",
									"\r",
									"pm.test(\"Verify that the API response status code is not 200 OK.\", function(){\r",
									"    pm.expect(pm.response.code).not.eql(200);\r",
									"});\r",
									"\r",
									"\r",
									"pm.test(\"Verify API Response with Nested Objects/Arrays\", function () {\r",
									"     var responseJSON = pm.response.json();\r",
									"\r",
									"     // Check if the response is an object\r",
									"     pm.expect(responseJSON).to.be.an('object');\r",
									"\r",
									"     // Check for the existence of required properties\r",
									"     pm.expect(responseJSON).to.have.property('id');\r",
									"     pm.expect(responseJSON).to.have.property('name');\r",
									"     pm.expect(responseJSON).to.have.property('desc');\r",
									"     pm.expect(responseJSON).to.have.property('closed');\r",
									"     pm.expect(responseJSON).to.have.property('idOrganization');\r",
									"     pm.expect(responseJSON).to.have.property('pinned');\r",
									"     pm.expect(responseJSON).to.have.property('url');\r",
									"     pm.expect(responseJSON).to.have.property('shortUrl');\r",
									"     pm.expect(responseJSON).to.have.property('prefs');\r",
									"     pm.expect(responseJSON).to.have.property('labelNames');\r",
									"\r",
									"     // Check the nested objects and arrays\r",
									"     pm.expect(responseJSON.prefs).to.be.an('object');\r",
									"     pm.expect(responseJSON.labelNames).to.be.an('object');\r",
									"     pm.expect(responseJSON.prefs.switcherViews).to.be.an('array');\r",
									"     pm.expect(responseJSON.prefs.hiddenPluginBoardButtons).to.be.an('array');\r",
									"});\r",
									"\r",
									"pm.test(\"Verify API Response Headers\", function () {\r",
									"     pm.expect(pm.response).to.have.header(\"Content-Type\", \"application/json\");\r",
									"     pm.expect(pm.response).to.have.header(\"Status\", \"200\");\r",
									"});\r",
									"\r",
									"pm.test(\"Response time is less than 200ms\", function () {\r",
									"    pm.expect(pm.response.responseTime).to.be.below(899);\r",
									"});\r",
									"\r",
									"pm.test(\"Response time is less than 200ms\", function () {\r",
									"    pm.expect(pm.response.responseTime).to.be.have.above(377);\r",
									"});\r",
									"\r",
									"pm.test(\"Content-Type is present\", function () {\r",
									"    pm.response.to.have.header(\"Content-Type\");\r",
									"});\r",
									"\r",
									"pm.test(\"validate body response in Get \", function () {\r",
									"    var jsonData = pm.response.json();\r",
									"    pm.expect(jsonData.name).to.equal(\"QA-Board\")\r",
									"});\r",
									"\r",
									"pm.test(\"validate body response in POST \", function () {\r",
									"    var jsonData = pm.response.json();\r",
									"    pm.expect(jsonData.id).to.equal(\"65d1147d7eee985da801dd3e\")\r",
									"});\r",
									"\r",
									"pm.test(\"validate body response in POST \", function () {\r",
									"    var jsonData = pm.response.json();\r",
									"    pm.expect(jsonData.prefs.cardCovers).to.equal(true)\r",
									"});\r",
									"\r",
									"pm.test(\"Body matches string\", function () {\r",
									"    pm.expect(pm.response.text()).to.include(\"Assignment2-TrelloApis\");\r",
									"});\r",
									"\r",
									"pm.test(\"Body matches string\", function () {\r",
									"    pm.expect(pm.response.text()).to.include(\"Timeline\");\r",
									"});\r",
									"\r",
									"pm.test(\"Body matches string\", function () {\r",
									"    pm.expect(pm.response.text()).to.include(true);\r",
									"});\r",
									"\r",
									"\r",
									"\r",
									"\r",
									"\r",
									"\r",
									""
								],
								"type": "text/javascript",
								"packages": {}
							}
						}
					],
					"protocolProfileBehavior": {
						"disableBodyPruning": true
					},
					"request": {
						"method": "GET",
						"header": [
							{
								"key": "Accept",
								"value": "application/json"
							}
						],
						"body": {
							"mode": "raw",
							"raw": "",
							"options": {
								"raw": {
									"language": "json"
								}
							}
						},
						"url": {
							"raw": "{{BaseURL}}/1/boards/{{Boardid}}?key={{key}}&token={{token}}",
							"host": [
								"{{BaseURL}}"
							],
							"path": [
								"1",
								"boards",
								"{{Boardid}}"
							],
							"query": [
								{
									"key": "key",
									"value": "{{key}}"
								},
								{
									"key": "token",
									"value": "{{token}}"
								}
							]
						}
					},
					"response": []
				},
				{
					"name": "updateBoard",
					"event": [
						{
							"listen": "prerequest",
							"script": {
								"exec": [
									"\r",
									"//Random Name generate\r",
									"var RandomNumber = Math.random()*100;\r",
									"console.log(RandomNumber)\r",
									"\r",
									"var IntRondomNumber = parseInt(RandomNumber)\r",
									"console.log(IntRondomNumber)\r",
									"\r",
									"//generate random number\r",
									"pm.environment.set(\"BoardNamesCreations\", \"Testing\"+ \" \"+ parseInt(Math.random()*100));\r",
									"\r",
									"var BoardName= pm.environment.get(\"BoardNamesCreations\");\r",
									"\r",
									"console.log(\"Board Name is : \" + BoardName)\r",
									"\r",
									"pm.environment.set(\"EmailCreations\", pm.variables.replaceIn('{{$randomEmail}}')); \r",
									"\r",
									"\r",
									""
								],
								"type": "text/javascript",
								"packages": {}
							}
						},
						{
							"listen": "test",
							"script": {
								"exec": [
									"\r",
									"\r",
									"pm.test(\"Verify API Returns Success for Resource Update\", function () {\r",
									"    pm.response.to.have.status(200);\r",
									"});"
								],
								"type": "text/javascript",
								"packages": {}
							}
						}
					],
					"request": {
						"method": "PUT",
						"header": [],
						"url": {
							"raw": "https://api.trello.com/1/boards/{{Boardid}}?key={{key}}&token={{token}}&name={{BoardNamesCreations}}&email={{EmailCreations}}",
							"protocol": "https",
							"host": [
								"api",
								"trello",
								"com"
							],
							"path": [
								"1",
								"boards",
								"{{Boardid}}"
							],
							"query": [
								{
									"key": "key",
									"value": "{{key}}"
								},
								{
									"key": "token",
									"value": "{{token}}"
								},
								{
									"key": "name",
									"value": "{{BoardNamesCreations}}"
								},
								{
									"key": "email",
									"value": "{{EmailCreations}}"
								}
							]
						}
					},
					"response": []
				},
				{
					"name": "deleteBoard",
					"event": [
						{
							"listen": "test",
							"script": {
								"exec": [
									"pm.test(\"Verify API Returns Success for Resource Deletion\", function(){\r",
									"pm.response.to.have.status(200);\r",
									"})"
								],
								"type": "text/javascript",
								"packages": {}
							}
						},
						{
							"listen": "prerequest",
							"script": {
								"exec": [
									"// Verify the request method is correct\r",
									"if (request.method === 'GET') {\r",
									"    console.log('Request method is GET');\r",
									"} else if (request.method === 'POST') {\r",
									"    console.log('Request method is POST');\r",
									"} else if (request.method === 'PUT') {\r",
									"    console.log('Request method is PUT');\r",
									"} else if (request.method === 'DELETE') {\r",
									"    console.log('Request method is DELETE');\r",
									"} else {\r",
									"    console.log('Unknown request method');\r",
									"}\r",
									"\r",
									"\r",
									""
								],
								"type": "text/javascript",
								"packages": {}
							}
						}
					],
					"request": {
						"method": "DELETE",
						"header": [],
						"url": {
							"raw": "https://api.trello.com/1/boards/{{Boardid}}?key={{key}}&token={{token}}",
							"protocol": "https",
							"host": [
								"api",
								"trello",
								"com"
							],
							"path": [
								"1",
								"boards",
								"{{Boardid}}"
							],
							"query": [
								{
									"key": "key",
									"value": "{{key}}"
								},
								{
									"key": "token",
									"value": "{{token}}"
								}
							]
						}
					},
					"response": []
				}
			]
		},
		{
			"name": "List-APIS",
			"item": [
				{
					"name": "createListTodo",
					"event": [
						{
							"listen": "test",
							"script": {
								"exec": [
									"var jsonData = pm.response.json();\r",
									"\r",
									"pm.test(\"Status code is 200\", function () {\r",
									"    pm.response.to.have.status(200);\r",
									"});\r",
									"\r",
									"pm.test(\"Verify the name of the list is TODO\",  () => {   \r",
									"    // Get complete body\r",
									"\r",
									"    var listname = jsonData.name;\r",
									"    \r",
									"    // Check if listname is \"TODO\"\r",
									"    pm.expect(listname).to.eql(\"TODO\");\r",
									"});\r",
									"\r",
									"pm.test(\"Should not be closed\",  ()=> {\r",
									"    var cl = jsonData.closed;\r",
									"    pm.expect(cl).to.eql(false);\r",
									"});\r",
									"\r",
									"pm.test(\"Verify the name of the list is DONE\", ()=> {   \r",
									"    // Get complete body\r",
									"    var listname = jsonData.name;\r",
									"    // Check if listname is \"DONE\"\r",
									"    pm.expect(listname).to.eql(\"DONE\");\r",
									"});\r",
									"\r",
									"\r",
									"pm.test(\"Test that the list was created in the desired board\" , () =>{\r",
									"var queryParams = pm.request.url.query;\r",
									"var idBoardInRequest = queryParams.get(\"idBoard\");\r",
									"var BoardId = pm.environment.get(\"Boardid\");\r",
									"pm.expect(idBoardInRequest).to.equal(BoardId)\r",
									"});\r",
									"\r",
									"\r",
									"var listid = jsonData.id;\r",
									"pm.environment.set(\"TListid\",listid );\r",
									""
								],
								"type": "text/javascript",
								"packages": {}
							}
						},
						{
							"listen": "prerequest",
							"script": {
								"exec": [
									"//// Pre-request script\r",
									"//pm.environment.set(\"Boardid\", \"your_desired_board_id_here\");\r",
									""
								],
								"type": "text/javascript",
								"packages": {}
							}
						}
					],
					"request": {
						"method": "POST",
						"header": [],
						"url": {
							"raw": "https://api.trello.com/1/lists?name=TODO&idBoard={{Boardid}}&key={{key}}&token={{token}}",
							"protocol": "https",
							"host": [
								"api",
								"trello",
								"com"
							],
							"path": [
								"1",
								"lists"
							],
							"query": [
								{
									"key": "name",
									"value": "TODO"
								},
								{
									"key": "idBoard",
									"value": "{{Boardid}}"
								},
								{
									"key": "key",
									"value": "{{key}}"
								},
								{
									"key": "token",
									"value": "{{token}}"
								},
								{
									"key": "name",
									"value": "DONE",
									"disabled": true
								}
							]
						}
					},
					"response": []
				},
				{
					"name": "createListDone",
					"event": [
						{
							"listen": "test",
							"script": {
								"exec": [
									"var jsonData = pm.response.json();\r",
									"\r",
									"pm.test(\"Status code is 200\", function () {\r",
									"    pm.response.to.have.status(200);\r",
									"});\r",
									"\r",
									"pm.test(\"Verify the name of the list is TODO\",  () => {   \r",
									"    // Get complete body\r",
									"\r",
									"    var listname = jsonData.name;\r",
									"    \r",
									"    // Check if listname is \"TODO\"\r",
									"    pm.expect(listname).to.eql(\"TODO\");\r",
									"});\r",
									"\r",
									"pm.test(\"Should not be closed\",  ()=> {\r",
									"    var cl = jsonData.closed;\r",
									"    pm.expect(cl).to.eql(false);\r",
									"});\r",
									"\r",
									"pm.test(\"Verify the name of the list is DONE\", ()=> {   \r",
									"    // Get complete body\r",
									"    var listname = jsonData.name;\r",
									"    // Check if listname is \"DONE\"\r",
									"    pm.expect(listname).to.eql(\"DONE\");\r",
									"});\r",
									"\r",
									"\r",
									"pm.test(\"Test that the list was created in the desired board\" , () =>{\r",
									"var queryParams = pm.request.url.query;\r",
									"var idBoardInRequest = queryParams.get(\"idBoard\");\r",
									"var BoardId = pm.environment.get(\"Boardid\");\r",
									"pm.expect(idBoardInRequest).to.equal(BoardId)\r",
									"});\r",
									"\r",
									"\r",
									"var listid = jsonData.id;\r",
									"pm.environment.set(\"DListid\",listid );\r",
									""
								],
								"type": "text/javascript",
								"packages": {}
							}
						},
						{
							"listen": "prerequest",
							"script": {
								"exec": [
									"//// Pre-request script\r",
									"//pm.environment.set(\"Boardid\", \"your_desired_board_id_here\");\r",
									""
								],
								"type": "text/javascript",
								"packages": {}
							}
						}
					],
					"request": {
						"method": "POST",
						"header": [],
						"url": {
							"raw": "https://api.trello.com/1/lists?idBoard={{Boardid}}&key={{key}}&token={{token}}&name=DONE",
							"protocol": "https",
							"host": [
								"api",
								"trello",
								"com"
							],
							"path": [
								"1",
								"lists"
							],
							"query": [
								{
									"key": "name",
									"value": "TODO",
									"disabled": true
								},
								{
									"key": "idBoard",
									"value": "{{Boardid}}"
								},
								{
									"key": "key",
									"value": "{{key}}"
								},
								{
									"key": "token",
									"value": "{{token}}"
								},
								{
									"key": "name",
									"value": "DONE"
								}
							]
						}
					},
					"response": []
				},
				{
					"name": "getList",
					"request": {
						"method": "GET",
						"header": [],
						"url": {
							"raw": "{{BaseURL}}/1/lists/{{Listid}}?key={{key}}&token={{token}}",
							"host": [
								"{{BaseURL}}"
							],
							"path": [
								"1",
								"lists",
								"{{Listid}}"
							],
							"query": [
								{
									"key": "key",
									"value": "{{key}}"
								},
								{
									"key": "token",
									"value": "{{token}}"
								}
							]
						}
					},
					"response": []
				}
			]
		},
		{
			"name": "Card-APIS",
			"item": [
				{
					"name": "createCard",
					"event": [
						{
							"listen": "test",
							"script": {
								"exec": [
									"var jsonData = pm.response.json();\r",
									"\r",
									"pm.test(\"Status code is 200\", function () {\r",
									"    pm.response.to.have.status(200);\r",
									"});\r",
									"\r",
									"pm.test(\"Verify the name of the card is Learn Postman\",  () => {   \r",
									"    // Get complete body\r",
									"\r",
									"    var cardname = jsonData.name;\r",
									"    \r",
									"    // Check if listname is \"TODO\"\r",
									"    pm.expect(cardname).to.eql(\"Learn Postman\");\r",
									"});\r",
									"\r",
									"pm.test(\"Should not be closed\",  ()=> {\r",
									"    var cl = jsonData.closed;\r",
									"    pm.expect(cl).to.eql(false);\r",
									"});\r",
									"\r",
									"pm.test(\"Test that the card was created in the desired TODO List\" , () =>{\r",
									"var queryParams = pm.request.url.query;\r",
									"var idListInRequest = queryParams.get(\"idList\");\r",
									"var ListId = pm.environment.get(\"Listid\");\r",
									"pm.expect(idListInRequest).to.equal(ListId)\r",
									"});\r",
									"\r",
									"\r",
									"//ask\r",
									"pm.test(\"Test that the card was created in the desired board\" , () =>{\r",
									"var queryParams = pm.request.url.query;\r",
									"var idBoardInRequest = queryParams.get(\"idBoard\");\r",
									"var BoardId = pm.environment.get(\"Boardid\");\r",
									"pm.expect(idBoardInRequest).to.equal(BoardId)\r",
									"});\r",
									"\r",
									"pm.test(\"Test that the card has no votes or attachments\", ()=>{\r",
									"var vote = jsonData.badges.votes;\r",
									"pm.expect(vote).to.eql(0);\r",
									"var attach = jsonData.badges.attachments;\r",
									"pm.expect(attach).to.eql(0);\r",
									"});\r",
									"\r",
									"var cardid = jsonData.id;\r",
									"pm.environment.set(\"Cardid\",cardid );"
								],
								"type": "text/javascript",
								"packages": {}
							}
						}
					],
					"request": {
						"method": "POST",
						"header": [
							{
								"key": "Accept",
								"value": "application/json"
							}
						],
						"url": {
							"raw": "{{BaseURL}}/1/cards?idList={{TListid}}&key={{key}}&token={{token}}&name=Learn Postman",
							"host": [
								"{{BaseURL}}"
							],
							"path": [
								"1",
								"cards"
							],
							"query": [
								{
									"key": "idList",
									"value": "{{TListid}}"
								},
								{
									"key": "key",
									"value": "{{key}}"
								},
								{
									"key": "token",
									"value": "{{token}}"
								},
								{
									"key": "name",
									"value": "Learn Postman"
								}
							]
						}
					},
					"response": []
				},
				{
					"name": "getCard",
					"request": {
						"method": "GET",
						"header": [
							{
								"key": "Accept",
								"value": "application/json"
							}
						],
						"url": {
							"raw": "{{BaseURL}}/1/cards/{{Cardid}}?key={{key}}&token={{token}}",
							"host": [
								"{{BaseURL}}"
							],
							"path": [
								"1",
								"cards",
								"{{Cardid}}"
							],
							"query": [
								{
									"key": "key",
									"value": "{{key}}"
								},
								{
									"key": "token",
									"value": "{{token}}"
								}
							]
						}
					},
					"response": []
				},
				{
					"name": "updateCard",
					"event": [
						{
							"listen": "test",
							"script": {
								"exec": [
									"var jsonData = pm.response.json();\r",
									"\r",
									"pm.test(\"Status code is 200\", function () {\r",
									"    pm.response.to.have.status(200);\r",
									"});\r",
									"\r",
									"\r",
									"pm.test(\"Verify the name of the card is Learn Postman\",  () => {   \r",
									"    // Get complete body\r",
									"\r",
									"    var cardname = jsonData.name;\r",
									"    \r",
									"    // Check if listname is \"TODO\"\r",
									"    pm.expect(cardname).to.eql(\"Learn Postman\");\r",
									"});\r",
									"\r",
									"pm.test(\"Test that the card was moved to the desired DONE list\", () =>{\r",
									"var lid = pm.environment.get(\"ListId\");\r",
									"var dlistid = pm.environment.get(\"DListid\")\r",
									"pm.expect(cid).to.eql(dlistid);\r",
									"});"
								],
								"type": "text/javascript",
								"packages": {}
							}
						}
					],
					"request": {
						"method": "PUT",
						"header": [
							{
								"key": "Accept",
								"value": "application/json"
							}
						],
						"url": {
							"raw": "https://api.trello.com/1/cards/{{Cardid}}?key={{key}}&token={{token}}&name=Learn Postman&idList={{DListid}}",
							"protocol": "https",
							"host": [
								"api",
								"trello",
								"com"
							],
							"path": [
								"1",
								"cards",
								"{{Cardid}}"
							],
							"query": [
								{
									"key": "key",
									"value": "{{key}}"
								},
								{
									"key": "token",
									"value": "{{token}}"
								},
								{
									"key": "name",
									"value": "Learn Postman"
								},
								{
									"key": "idList",
									"value": "{{DListid}}"
								}
							]
						}
					},
					"response": []
				},
				{
					"name": "deleteCard",
					"request": {
						"method": "DELETE",
						"header": [],
						"url": {
							"raw": "https://api.trello.com/1/cards/65d8c2da7b612f4065fee3b1?key={{key}}&token={{token}}",
							"protocol": "https",
							"host": [
								"api",
								"trello",
								"com"
							],
							"path": [
								"1",
								"cards",
								"65d8c2da7b612f4065fee3b1"
							],
							"query": [
								{
									"key": "key",
									"value": "{{key}}"
								},
								{
									"key": "token",
									"value": "{{token}}"
								}
							]
						}
					},
					"response": []
				}
			]
		}
	],
	"event": [
		{
			"listen": "prerequest",
			"script": {
				"type": "text/javascript",
				"packages": {},
				"exec": [
					""
				]
			}
		},
		{
			"listen": "test",
			"script": {
				"type": "text/javascript",
				"packages": {},
				"exec": [
					""
				]
			}
		}
	],
	"variable": [
		{
			"key": "key",
			"value": "9ded8ff806a970f0370ad31e82b5d5ee",
			"type": "string"
		},
		{
			"key": "token",
			"value": "ATTA8264b5a40ce139a37412090b2ba5916c9964fcfcc6d129fa6588c0212d1ed5bcB524A677",
			"type": "string"
		}
	]
}