{
	"id": "a258faff-4452-4d65-8ff4-6a870a8c6aeb",
	"name": "QA-ENV",
	"values": [
		{
			"key": "BaseURL",
			"value": "https://api.trello.com",
			"type": "default",
			"enabled": true
		},
		{
			"key": "APIKey",
			"value": "9ded8ff806a970f0370ad31e82b5d5ee",
			"type": "default",
			"enabled": true
		},
		{
			"key": "APIToken",
			"value": "ATTA8264b5a40ce139a37412090b2ba5916c9964fcfcc6d129fa6588c0212d1ed5bcB524A677",
			"type": "default",
			"enabled": true
		},
		{
			"key": "BoardNamesCreations",
			"value": "",
			"type": "any",
			"enabled": true
		},
		{
			"key": "token",
			"value": "",
			"type": "any",
			"enabled": false
		},
		{
			"key": "Boardid",
			"value": "",
			"type": "any",
			"enabled": true
		},
		{
			"key": "EmailCreations",
			"value": "",
			"type": "any",
			"enabled": true
		},
		{
			"key": "Listid",
			"value": "",
			"type": "any",
			"enabled": true
		},
		{
			"key": "Cardid",
			"value": "",
			"type": "any",
			"enabled": true
		},
		{
			"key": "TListid",
			"value": "",
			"type": "any",
			"enabled": true
		},
		{
			"key": "DListid",
			"value": "",
			"type": "any",
			"enabled": true
		},
		{
			"key": "randomPathOption",
			"value": "",
			"type": "any",
			"enabled": true
		},
		{
			"key": "randomPathOptionFilter",
			"value": "",
			"type": "any",
			"enabled": true
		},
		{
			"key": "MemberOfBoard",
			"value": "",
			"type": "any",
			"enabled": true
		},
		{
			"key": "MemberoOfBoard",
			"value": "",
			"type": "any",
			"enabled": true
		}
	],
	"_postman_variable_scope": "environment",
	"_postman_exported_at": "2024-04-20T23:16:56.560Z",
	"_postman_exported_using": "Postman/10.24.11"
}